<?xml version="1.0" encoding="UTF-8"?>
<beans xmlns="http://www.springframework.org/schema/beans"
	xmlns:xsi="http://www.w3.org/2001/XMLSchema-instance" xmlns:context="http://www.springframework.org/schema/context"
	xmlns:tx="http://www.springframework.org/schema/tx"
	xsi:schemaLocation="http://www.springframework.org/schema/beans http://www.springframework.org/schema/beans/spring-beans.xsd
		http://www.springframework.org/schema/context http://www.springframework.org/schema/context/spring-context.xsd
		http://www.springframework.org/schema/tx http://www.springframework.org/schema/tx/spring-tx-3.2.xsd">
	
	
	<context:property-placeholder location="classpath:conf.properties" />
	
	<bean id="dataSource"
		class="org.springframework.jdbc.datasource.DriverManagerDataSource">
		<property name="driverClassName" value="{driver}"></property>
		<property name="url" value="jdbc:${type}://${host}:${port}/${database}"></property>
		<property name="username" value="${username}"></property>
		<property name="password" value="${password}"></property>
	</bean>

	<bean id="persistenceUnitManager"
		class="org.springframework.orm.jpa.persistenceunit.DefaultPersistenceUnitManager">
		<property name="persistenceXmlLocations">
			<list>
				<value>classpath*:META-INF/persistence.xml</value>
			</list>
		</property>
		<property name="defaultDataSource" ref="dataSource"></property>
	</bean>

	<bean id="entityManagerFactory"
		class="org.springframework.orm.jpa.LocalContainerEntityManagerFactoryBean">
		<property name="persistenceUnitManager" ref="persistenceUnitManager"></property>
		<property name="persistenceUnitName" value="MQL"></property>
	</bean>



	<bean id="transactionManager" class="org.springframework.orm.jpa.JpaTransactionManager">
		<property name="entityManagerFactory" ref="entityManagerFactory"></property>
	</bean>

</beans>





