<?xml version="1.0" encoding="UTF-8"?>
<beans xmlns="http://www.springframework.org/schema/beans"
	xmlns:xsi="http://www.w3.org/2001/XMLSchema-instance" xmlns:context="http://www.springframework.org/schema/context"
	xmlns:tx="http://www.springframework.org/schema/tx"
	xsi:schemaLocation="http://www.springframework.org/schema/beans http://www.springframework.org/schema/beans/spring-beans.xsd
		http://www.springframework.org/schema/context http://www.springframework.org/schema/context/spring-context.xsd
		http://www.springframework.org/schema/tx http://www.springframework.org/schema/tx/spring-tx-3.2.xsd">

	<import resource="HibernateConfiguration.xml" />

	<bean  class="org.java.mql.dao.hibernate.p1.HDefaultEnsignantDao"></bean>
	<bean  class="org.java.mql.dao.hibernate.p1.HDefaultEtudiantDao"></bean>
	<bean  class="org.java.mql.dao.hibernate.p1.HDefaultTeamDao"></bean>
	<bean  class="org.java.mql.dao.hibernate.p2.HDefaultFileDao"></bean>
	<bean  class="org.java.mql.dao.hibernate.p2.HDefaultLiverableDao"></bean>
	<bean  class="org.java.mql.dao.hibernate.p2.HDefaultMatiereDao"></bean>
	<bean  class="org.java.mql.dao.hibernate.p2.HDefaultProjectDao"></bean>





</beans>





