<?xml version="1.0" encoding="UTF-8"?>
<beans xmlns="http://www.springframework.org/schema/beans"
	xmlns:xsi="http://www.w3.org/2001/XMLSchema-instance" xmlns:context="http://www.springframework.org/schema/context"
	xmlns:tx="http://www.springframework.org/schema/tx"
	xsi:schemaLocation="http://www.springframework.org/schema/beans http://www.springframework.org/schema/beans/spring-beans.xsd
		http://www.springframework.org/schema/context http://www.springframework.org/schema/context/spring-context.xsd
		http://www.springframework.org/schema/tx http://www.springframework.org/schema/tx/spring-tx-3.2.xsd">

	<bean id="qEnsignantDao" class="org.java.mql.dao.p1.DefaultEnsignantDao"></bean>
	<bean id="qEtudiantDao" class="org.java.mql.dao.p1.DefaultEtudiantDao"></bean>
	<bean id="qTeamDao" class="org.java.mql.dao.p1.DefaultTeamDao"></bean>
	<bean id="qFileDao" class="org.java.mql.dao.p2.DefaultFileDao"></bean>
	<bean id="qLiverableDao" class="org.java.mql.dao.p2.DefaultLiverableDao"></bean>
	<bean id="qMatiereDao" class="org.java.mql.dao.p2.DefaultMatiereDao"></bean>
	<bean id="qProjectDao" class="org.java.mql.dao.p2.DefaultProjectDao"></bean>





</beans>





